date,AWND,PRCP,TMAX,TMIN,tmax_c,tmin_c,temp_range_c,temp_avg_c,prcp_mm,awnd_ms,year,month,temp_avg_c_roll7,prcp_mm_roll7,temp_avg_c_roll14,prcp_mm_roll14,prcp_z_nov
2015-11-01,1.8,0.0,26.7,15.6,2.67,1.56,1.1099999999999999,2.1149999999999998,0.0,0.18,2015,11,2.1149999999999998,0.0,2.1149999999999998,0.0,-0.16495937728711998
2015-11-02,5.1,0.8,21.7,14.4,2.17,1.44,0.7299999999999999,1.8050000000000002,0.08,0.51,2015,11,1.96,0.04,1.96,0.04,0.06322650483915547
2015-11-03,3.4,0.0,20.0,12.2,2.0,1.22,0.78,1.61,0.0,0.33999999999999997,2015,11,1.8433333333333335,0.02666666666666667,1.8433333333333335,0.02666666666666667,-0.16495937728711998
2015-11-04,3.7,0.0,19.4,10.0,1.94,1.0,0.9399999999999998,1.47,0.0,0.37,2015,11,1.75,0.02,1.75,0.02,-0.16495937728711998
2015-11-05,3.2,0.0,22.2,10.6,2.2199999999999998,1.06,1.16,1.64,0.0,0.32,2015,11,1.7280000000000002,0.016,1.7280000000000002,0.016,-0.16495937728711998
2015-11-06,1.7,0.0,22.8,11.7,2.2800000000000002,1.17,1.11,1.725,0.0,0.16999999999999998,2015,11,1.7275,0.013333333333333334,1.7275,0.013333333333333334,-0.16495937728711998
2015-11-07,2.5,0.0,26.7,12.2,2.67,1.22,1.45,1.9449999999999998,0.0,0.25,2015,11,1.7585714285714287,0.011428571428571429,1.7585714285714287,0.011428571428571429,-0.16495937728711998
2015-11-08,2.4,0.0,23.3,12.2,2.33,1.22,1.11,1.775,0.0,0.24,2015,11,1.7100000000000002,0.011428571428571429,1.7606249999999999,0.01,-0.16495937728711998
2015-11-09,6.0,0.3,20.0,12.8,2.0,1.28,0.72,1.64,0.03,0.6,2015,11,1.6864285714285714,0.004285714285714286,1.7472222222222222,0.012222222222222223,-0.0793896714897667
2015-11-10,5.1,0.0,19.4,12.2,1.94,1.22,0.72,1.5799999999999998,0.0,0.51,2015,11,1.682142857142857,0.004285714285714286,1.7305,0.011,-0.16495937728711998
2015-11-11,2.2,0.0,21.1,8.9,2.1100000000000003,0.89,1.2200000000000002,1.5,0.0,0.22000000000000003,2015,11,1.6864285714285714,0.004285714285714286,1.7095454545454545,0.01,-0.16495937728711998
2015-11-12,2.1,0.0,23.9,9.4,2.3899999999999997,0.9400000000000001,1.4499999999999997,1.6649999999999998,0.0,0.21000000000000002,2015,11,1.69,0.004285714285714286,1.7058333333333333,0.009166666666666667,-0.16495937728711998
2015-11-13,2.5,0.0,25.6,11.7,2.56,1.17,1.3900000000000001,1.8649999999999998,0.0,0.25,2015,11,1.7099999999999997,0.004285714285714286,1.718076923076923,0.008461538461538461,-0.16495937728711998
2015-11-14,2.2,0.0,23.9,10.6,2.3899999999999997,1.06,1.3299999999999998,1.725,0.0,0.22000000000000003,2015,11,1.6785714285714286,0.004285714285714286,1.7185714285714284,0.007857142857142858,-0.16495937728711998
2015-11-15,6.0,0.0,19.4,10.6,1.94,1.06,0.8799999999999999,1.5,0.0,0.6,2015,11,1.6392857142857142,0.004285714285714286,1.674642857142857,0.007857142857142858,-0.16495937728711998
2015-11-16,7.6,0.0,17.8,11.1,1.78,1.1099999999999999,0.6700000000000002,1.4449999999999998,0.0,0.76,2015,11,1.6114285714285714,0.0,1.6489285714285715,0.002142857142857143,-0.16495937728711998
2015-11-17,2.4,0.0,21.7,8.3,2.17,0.8300000000000001,1.3399999999999999,1.5,0.0,0.24,2015,11,1.5999999999999999,0.0,1.6410714285714285,0.002142857142857143,-0.16495937728711998
2015-11-18,1.8,0.0,21.1,9.4,2.1100000000000003,0.9400000000000001,1.1700000000000002,1.525,0.0,0.18,2015,11,1.6035714285714284,0.0,1.6449999999999998,0.002142857142857143,-0.16495937728711998
2015-11-19,1.6,0.0,27.8,11.7,2.7800000000000002,1.17,1.61,1.975,0.0,0.16,2015,11,1.647857142857143,0.0,1.6689285714285713,0.002142857142857143,-0.16495937728711998
2015-11-20,1.7,0.0,27.2,12.8,2.7199999999999998,1.28,1.44,2.0,0.0,0.16999999999999998,2015,11,1.667142857142857,0.0,1.6885714285714286,0.002142857142857143,-0.16495937728711998
2015-11-21,2.2,0.0,31.7,15.0,3.17,1.5,1.67,2.335,0.0,0.22000000000000003,2015,11,1.7542857142857142,0.0,1.7164285714285712,0.002142857142857143,-0.16495937728711998
2015-11-22,2.7,0.0,30.0,15.6,3.0,1.56,1.44,2.2800000000000002,0.0,0.27,2015,11,1.8657142857142859,0.0,1.7525,0.002142857142857143,-0.16495937728711998
2015-11-23,2.6,0.0,25.0,13.3,2.5,1.33,1.17,1.9149999999999998,0.0,0.26,2015,11,1.9328571428571428,0.0,1.772142857142857,0.0,-0.16495937728711998
2015-11-24,3.0,0.5,18.9,12.8,1.89,1.28,0.6099999999999998,1.585,0.05,0.3,2015,11,1.945,0.0071428571428571435,1.7724999999999997,0.0035714285714285718,-0.02234320095819782
2015-11-25,6.5,0.0,16.7,11.1,1.67,1.1099999999999999,0.5599999999999999,1.39,0.0,0.65,2015,11,1.9257142857142857,0.0071428571428571435,1.764642857142857,0.0035714285714285718,-0.16495937728711998
2015-11-26,2.2,0.0,17.8,8.9,1.78,0.89,0.89,1.3350000000000002,0.0,0.22000000000000003,2015,11,1.8342857142857143,0.0071428571428571435,1.7410714285714286,0.0035714285714285718,-0.16495937728711998
2015-11-27,2.8,0.0,18.3,9.4,1.83,0.9400000000000001,0.89,1.3850000000000002,0.0,0.27999999999999997,2015,11,1.7464285714285714,0.0071428571428571435,1.7067857142857144,0.0035714285714285718,-0.16495937728711998
2015-11-28,1.9,0.0,18.9,7.8,1.89,0.78,1.1099999999999999,1.335,0.0,0.19,2015,11,1.6035714285714284,0.0071428571428571435,1.6789285714285713,0.0035714285714285718,-0.16495937728711998
2015-11-29,3.1,0.0,20.0,10.0,2.0,1.0,1.0,1.5,0.0,0.31,2015,11,1.4921428571428572,0.0071428571428571435,1.6789285714285713,0.0035714285714285718,-0.16495937728711998
2015-11-30,2.3,0.0,18.9,7.2,1.89,0.72,1.17,1.305,0.0,0.22999999999999998,2015,11,1.405,0.0071428571428571435,1.6689285714285715,0.0035714285714285718,-0.16495937728711998
2016-11-01,3.1,0.0,20.0,13.3,2.0,1.33,0.6699999999999999,1.6649999999999998,0.0,0.31,2016,11,1.4164285714285714,0.0,1.6807142857142858,0.0035714285714285718,-0.16495937728711998
2016-11-02,2.5,0.0,22.8,12.2,2.2800000000000002,1.22,1.06,1.75,0.0,0.25,2016,11,1.467857142857143,0.0,1.6967857142857141,0.0035714285714285718,-0.16495937728711998
2016-11-03,2.6,0.0,30.6,14.4,3.06,1.44,1.6200000000000003,2.25,0.0,0.26,2016,11,1.5985714285714285,0.0,1.7164285714285714,0.0035714285714285718,-0.16495937728711998
2016-11-04,2.4,0.0,25.6,15.0,2.56,1.5,1.06,2.0300000000000002,0.0,0.24,2016,11,1.6907142857142858,0.0,1.7185714285714284,0.0035714285714285718,-0.16495937728711998
2016-11-05,2.8,0.0,23.3,13.9,2.33,1.3900000000000001,0.9400000000000001,1.86,0.0,0.27999999999999997,2016,11,1.7657142857142856,0.0,1.684642857142857,0.0035714285714285718,-0.16495937728711998
2016-11-06,2.3,0.0,22.2,13.3,2.2199999999999998,1.33,0.8899999999999999,1.775,0.0,0.22999999999999998,2016,11,1.805,0.0,1.6485714285714284,0.0035714285714285718,-0.16495937728711998
2016-11-07,2.5,0.0,21.7,13.3,2.17,1.33,0.8399999999999999,1.75,0.0,0.25,2016,11,1.8685714285714285,0.0,1.6367857142857143,0.0035714285714285718,-0.16495937728711998
2016-11-08,2.3,0.0,26.7,13.3,2.67,1.33,1.3399999999999999,2.0,0.0,0.22999999999999998,2016,11,1.9164285714285716,0.0,1.6664285714285716,0.0,-0.16495937728711998
2016-11-09,3.1,0.0,34.4,18.3,3.44,1.83,1.6099999999999999,2.6350000000000002,0.0,0.31,2016,11,2.042857142857143,0.0,1.7553571428571428,0.0,-0.16495937728711998
2016-11-10,2.5,0.0,32.8,17.2,3.28,1.72,1.5599999999999998,2.5,0.0,0.25,2016,11,2.0785714285714287,0.0,1.8385714285714287,0.0,-0.16495937728711998
2016-11-11,2.7,0.0,30.6,17.2,3.06,1.72,1.3400000000000003,2.3899999999999997,0.0,0.27,2016,11,2.13,0.0,1.9103571428571429,0.0,-0.16495937728711998
2016-11-12,2.2,0.0,27.2,16.7,2.7199999999999998,1.67,1.05,2.195,0.0,0.22000000000000003,2016,11,2.177857142857143,0.0,1.9717857142857143,0.0,-0.16495937728711998
2016-11-13,2.8,0.0,30.0,16.1,3.0,1.61,1.39,2.305,0.0,0.27999999999999997,2016,11,2.2535714285714286,0.0,2.0292857142857144,0.0,-0.16495937728711998
2016-11-14,2.5,0.0,29.4,15.6,2.94,1.56,1.38,2.25,0.0,0.25,2016,11,2.3249999999999997,0.0,2.0967857142857143,0.0,-0.16495937728711998
2016-11-15,2.4,0.0,23.3,13.3,2.33,1.33,1.0,1.83,0.0,0.24,2016,11,2.3007142857142857,0.0,2.1085714285714285,0.0,-0.16495937728711998
2016-11-16,3.6,0.0,20.0,13.3,2.0,1.33,0.6699999999999999,1.6649999999999998,0.0,0.36,2016,11,2.162142857142857,0.0,2.1025,0.0,-0.16495937728711998
2016-11-17,3.1,0.0,22.2,10.6,2.2199999999999998,1.06,1.16,1.64,0.0,0.31,2016,11,2.039285714285714,0.0,2.0589285714285714,0.0,-0.16495937728711998
2016-11-18,2.6,0.0,25.0,12.8,2.5,1.28,1.22,1.89,0.0,0.26,2016,11,1.967857142857143,0.0,2.048928571428571,0.0,-0.16495937728711998
2016-11-19,2.8,0.0,21.7,11.1,2.17,1.1099999999999999,1.06,1.64,0.0,0.27999999999999997,2016,11,1.8885714285714283,0.0,2.0332142857142856,0.0,-0.16495937728711998
2016-11-20,1.9,12.7,17.8,13.3,1.78,1.33,0.45,1.5550000000000002,1.27,0.19,2016,11,1.7814285714285714,0.18142857142857144,2.0175,0.09071428571428572,3.4574915014675027
2016-11-21,4.1,7.4,17.8,13.3,1.78,1.33,0.45,1.5550000000000002,0.74,0.41,2016,11,1.6821428571428572,0.2871428571428571,2.0035714285714286,0.14357142857142854,1.945760032380928
2016-11-22,2.6,0.0,19.4,11.7,1.94,1.17,0.7699999999999999,1.555,0.0,0.26,2016,11,1.6428571428571428,0.2871428571428571,1.9717857142857143,0.14357142857142854,-0.16495937728711998
2016-11-23,2.6,0.0,22.2,10.6,2.2199999999999998,1.06,1.16,1.64,0.0,0.26,2016,11,1.6392857142857142,0.2871428571428571,1.9007142857142856,0.14357142857142854,-0.16495937728711998
2016-11-24,3.2,0.0,26.7,10.6,2.67,1.06,1.61,1.8649999999999998,0.0,0.32,2016,11,1.6714285714285713,0.2871428571428571,1.8553571428571427,0.14357142857142854,-0.16495937728711998
2016-11-25,2.3,0.0,24.4,10.6,2.44,1.06,1.38,1.75,0.0,0.22999999999999998,2016,11,1.6514285714285715,0.2871428571428571,1.809642857142857,0.14357142857142854,-0.16495937728711998
2016-11-26,2.8,6.4,16.7,8.3,1.67,0.8300000000000001,0.8399999999999999,1.25,0.64,0.27999999999999997,2016,11,1.5957142857142856,0.37857142857142856,1.7421428571428572,0.18928571428571428,1.660527679723084
2016-11-27,4.6,1.8,17.8,10.0,1.78,1.0,0.78,1.3900000000000001,0.18,0.45999999999999996,2016,11,1.572142857142857,0.22285714285714286,1.6767857142857143,0.20214285714285715,0.3484588574969998
2016-11-28,2.5,0.0,16.7,8.3,1.67,0.8300000000000001,0.8399999999999999,1.25,0.0,0.25,2016,11,1.5285714285714285,0.11714285714285715,1.605357142857143,0.20214285714285715,-0.16495937728711998
2016-11-29,2.4,0.0,20.0,8.9,2.0,0.89,1.1099999999999999,1.4449999999999998,0.0,0.24,2016,11,1.512857142857143,0.11714285714285715,1.5778571428571428,0.20214285714285715,-0.16495937728711998
2016-11-30,2.9,0.0,19.4,8.9,1.94,0.89,1.0499999999999998,1.4149999999999998,0.0,0.29,2016,11,1.4807142857142856,0.11714285714285715,1.56,0.20214285714285715,-0.16495937728711998
2017-11-01,3.1,0.0,20.6,17.8,2.06,1.78,0.2800000000000001,1.9200000000000004,0.0,0.31,2017,11,1.4885714285714287,0.11714285714285715,1.58,0.20214285714285715,-0.16495937728711998
2017-11-02,3.1,1.8,20.0,14.4,2.0,1.44,0.5599999999999999,1.72,0.18,0.31,2017,11,1.4842857142857144,0.14285714285714285,1.5678571428571428,0.215,0.3484588574969998
2017-11-03,3.6,0.5,21.7,15.0,2.17,1.5,0.6699999999999999,1.8350000000000002,0.05,0.36,2017,11,1.5678571428571428,0.058571428571428566,1.5817857142857144,0.21857142857142858,-0.02234320095819782
2017-11-04,4.4,0.0,20.6,13.9,2.06,1.3900000000000001,0.6700000000000002,1.725,0.0,0.44000000000000006,2017,11,1.6157142857142859,0.032857142857142856,1.5939285714285716,0.12785714285714286,-0.16495937728711998
2017-11-05,3.1,0.0,20.6,15.6,2.06,1.56,0.5000000000000002,1.81,0.0,0.31,2017,11,1.695714285714286,0.032857142857142856,1.612142857142857,0.075,-0.16495937728711998
2017-11-06,3.3,0.0,20.6,15.0,2.06,1.5,0.5600000000000002,1.78,0.0,0.32999999999999996,2017,11,1.7435714285714285,0.032857142857142856,1.6282142857142858,0.075,-0.16495937728711998
2017-11-07,2.8,0.0,22.2,15.0,2.2199999999999998,1.5,0.72,1.86,0.0,0.27999999999999997,2017,11,1.8071428571428572,0.032857142857142856,1.6439285714285714,0.075,-0.16495937728711998
2017-11-08,4.1,0.0,23.3,13.9,2.33,1.3900000000000001,0.9400000000000001,1.86,0.0,0.41,2017,11,1.7985714285714285,0.032857142857142856,1.6435714285714287,0.075,-0.16495937728711998
2017-11-09,4.4,0.0,21.1,15.6,2.1100000000000003,1.56,0.5500000000000002,1.8350000000000002,0.0,0.44000000000000006,2017,11,1.815,0.0071428571428571435,1.6496428571428574,0.075,-0.16495937728711998
2017-11-10,3.0,0.0,20.6,13.9,2.06,1.3900000000000001,0.6700000000000002,1.725,0.0,0.3,2017,11,1.7992857142857144,0.0,1.6835714285714285,0.029285714285714283,-0.16495937728711998
2017-11-11,2.6,0.0,21.1,12.8,2.1100000000000003,1.28,0.8300000000000001,1.6950000000000003,0.0,0.26,2017,11,1.7950000000000002,0.0,1.7053571428571428,0.016428571428571428,-0.16495937728711998
2017-11-12,2.4,0.0,20.0,13.3,2.0,1.33,0.6699999999999999,1.6649999999999998,0.0,0.24,2017,11,1.7742857142857142,0.0,1.7349999999999999,0.016428571428571428,-0.16495937728711998
2017-11-13,2.1,0.0,21.1,12.2,2.1100000000000003,1.22,0.8900000000000002,1.6649999999999998,0.0,0.21000000000000002,2017,11,1.7578571428571428,0.0,1.750714285714286,0.016428571428571428,-0.16495937728711998
2017-11-14,2.5,0.0,23.3,12.2,2.33,1.22,1.11,1.775,0.0,0.25,2017,11,1.7457142857142858,0.0,1.7764285714285715,0.016428571428571428,-0.16495937728711998
2017-11-15,2.3,0.0,24.4,13.9,2.44,1.3900000000000001,1.0499999999999998,1.9149999999999998,0.0,0.22999999999999998,2017,11,1.7535714285714286,0.0,1.7760714285714287,0.016428571428571428,-0.16495937728711998
2017-11-16,2.6,0.0,24.4,14.4,2.44,1.44,0.9999999999999998,1.94,0.0,0.26,2017,11,1.7685714285714285,0.0,1.7917857142857143,0.0035714285714285718,-0.16495937728711998
2017-11-17,4.1,0.0,21.1,15.6,2.1100000000000003,1.56,0.5500000000000002,1.8350000000000002,0.0,0.41,2017,11,1.7842857142857143,0.0,1.7917857142857143,0.0,-0.16495937728711998
2017-11-18,2.6,0.0,24.4,12.8,2.44,1.28,1.1599999999999997,1.86,0.0,0.26,2017,11,1.8078571428571428,0.0,1.8014285714285714,0.0,-0.16495937728711998
2017-11-19,2.9,0.0,24.4,13.3,2.44,1.33,1.1099999999999999,1.8850000000000002,0.0,0.29,2017,11,1.8392857142857142,0.0,1.8067857142857144,0.0,-0.16495937728711998
2017-11-20,2.1,0.0,22.2,11.1,2.2199999999999998,1.1099999999999999,1.1099999999999999,1.6649999999999998,0.0,0.21000000000000002,2017,11,1.8392857142857142,0.0,1.7985714285714285,0.0,-0.16495937728711998
2017-11-21,2.3,0.0,26.1,14.4,2.6100000000000003,1.44,1.1700000000000002,2.025,0.0,0.22999999999999998,2017,11,1.875,0.0,1.8103571428571428,0.0,-0.16495937728711998
2017-11-22,1.7,0.0,34.4,16.7,3.44,1.67,1.77,2.5549999999999997,0.0,0.16999999999999998,2017,11,1.9664285714285714,0.0,1.8599999999999999,0.0,-0.16495937728711998
2017-11-23,2.8,0.0,32.8,17.8,3.28,1.78,1.4999999999999996,2.53,0.0,0.27999999999999997,2017,11,2.0507142857142857,0.0,1.9096428571428572,0.0,-0.16495937728711998
2017-11-24,2.0,0.0,27.8,14.4,2.7800000000000002,1.44,1.34,2.1100000000000003,0.0,0.2,2017,11,2.09,0.0,1.9371428571428573,0.0,-0.16495937728711998
2017-11-25,2.2,0.0,27.8,15.0,2.7800000000000002,1.5,1.28,2.1399999999999997,0.0,0.22000000000000003,2017,11,2.13,0.0,1.9689285714285714,0.0,-0.16495937728711998
2017-11-26,3.1,0.0,18.3,15.0,1.83,1.5,0.33000000000000007,1.6649999999999998,0.0,0.31,2017,11,2.0985714285714283,0.0,1.9689285714285714,0.0,-0.16495937728711998
2017-11-27,4.1,0.3,19.4,13.3,1.94,1.33,0.6099999999999998,1.6350000000000002,0.03,0.41,2017,11,2.0942857142857143,0.004285714285714286,1.9667857142857144,0.002142857142857143,-0.0793896714897667
2017-11-28,2.6,0.0,25.0,10.0,2.5,1.0,1.5,1.75,0.0,0.26,2017,11,2.055,0.004285714285714286,1.9649999999999999,0.002142857142857143,-0.16495937728711998
2017-11-29,2.1,0.0,23.3,12.2,2.33,1.22,1.11,1.775,0.0,0.21000000000000002,2017,11,1.9435714285714287,0.004285714285714286,1.955,0.002142857142857143,-0.16495937728711998
2017-11-30,2.3,0.0,22.2,11.1,2.2199999999999998,1.1099999999999999,1.1099999999999999,1.6649999999999998,0.0,0.22999999999999998,2017,11,1.82,0.004285714285714286,1.9353571428571428,0.002142857142857143,-0.16495937728711998
2018-11-01,3.0,0.0,27.2,13.9,2.7199999999999998,1.3900000000000001,1.3299999999999998,2.055,0.0,0.3,2018,11,1.812142857142857,0.004285714285714286,1.9510714285714283,0.002142857142857143,-0.16495937728711998
2018-11-02,2.7,0.0,30.0,15.0,3.0,1.5,1.5,2.25,0.0,0.27,2018,11,1.8278571428571428,0.004285714285714286,1.9789285714285714,0.002142857142857143,-0.16495937728711998
2018-11-03,2.0,0.0,27.2,15.6,2.7199999999999998,1.56,1.16,2.1399999999999997,0.0,0.2,2018,11,1.8957142857142857,0.004285714285714286,1.9971428571428569,0.002142857142857143,-0.16495937728711998
2018-11-04,2.2,0.0,25.0,15.6,2.5,1.56,0.9400000000000001,2.0300000000000002,0.0,0.22000000000000003,2018,11,1.952142857142857,0.0,2.023214285714286,0.002142857142857143,-0.16495937728711998
2018-11-05,3.0,0.0,23.3,16.7,2.33,1.67,0.6600000000000001,2.0,0.0,0.3,2018,11,1.9878571428571428,0.0,2.0214285714285714,0.002142857142857143,-0.16495937728711998
2018-11-06,3.1,0.0,22.8,18.3,2.2800000000000002,1.83,0.45,2.055,0.0,0.31,2018,11,2.027857142857143,0.0,1.9857142857142858,0.002142857142857143,-0.16495937728711998
2018-11-07,3.1,0.0,21.1,16.1,2.1100000000000003,1.61,0.5,1.86,0.0,0.31,2018,11,2.0557142857142856,0.0,1.9378571428571427,0.002142857142857143,-0.16495937728711998
2018-11-08,2.1,0.0,22.2,15.0,2.2199999999999998,1.5,0.72,1.86,0.0,0.21000000000000002,2018,11,2.027857142857143,0.0,1.92,0.002142857142857143,-0.16495937728711998
2018-11-09,1.4,0.0,28.9,10.0,2.8899999999999997,1.0,1.89,1.9449999999999998,0.0,0.13999999999999999,2018,11,1.9842857142857144,0.0,1.9060714285714284,0.002142857142857143,-0.16495937728711998
2018-11-10,2.8,0.0,25.0,13.3,2.5,1.33,1.17,1.9149999999999998,0.0,0.27999999999999997,2018,11,1.9521428571428572,0.0,1.9239285714285714,0.002142857142857143,-0.16495937728711998
2018-11-11,2.4,0.0,25.6,10.0,2.56,1.0,1.56,1.78,0.0,0.24,2018,11,1.9164285714285714,0.0,1.9342857142857142,0.0,-0.16495937728711998
2018-11-12,2.3,0.0,25.0,10.0,2.5,1.0,1.5,1.75,0.0,0.22999999999999998,2018,11,1.8807142857142856,0.0,1.9342857142857142,0.0,-0.16495937728711998
2018-11-13,1.8,0.0,25.0,11.1,2.5,1.1099999999999999,1.3900000000000001,1.8050000000000002,0.0,0.18,2018,11,1.845,0.0,1.9364285714285714,0.0,-0.16495937728711998
2018-11-14,2.4,0.0,26.7,13.9,2.67,1.3900000000000001,1.2799999999999998,2.0300000000000002,0.0,0.24,2018,11,1.8692857142857144,0.0,1.9625000000000001,0.0,-0.16495937728711998
2018-11-15,2.6,0.0,26.1,12.2,2.6100000000000003,1.22,1.3900000000000001,1.9149999999999998,0.0,0.26,2018,11,1.8771428571428572,0.0,1.9525000000000001,0.0,-0.16495937728711998
2018-11-16,2.4,0.0,24.4,12.2,2.44,1.22,1.22,1.8299999999999996,0.0,0.24,2018,11,1.8607142857142858,0.0,1.9224999999999999,0.0,-0.16495937728711998
2018-11-17,2.4,0.0,21.1,14.4,2.1100000000000003,1.44,0.6700000000000002,1.775,0.0,0.24,2018,11,1.8407142857142857,0.0,1.8964285714285716,0.0,-0.16495937728711998
2018-11-18,2.4,0.0,21.7,13.9,2.17,1.3900000000000001,0.7799999999999999,1.78,0.0,0.24,2018,11,1.8407142857142857,0.0,1.8785714285714286,0.0,-0.16495937728711998
2018-11-19,2.2,0.0,21.1,11.7,2.1100000000000003,1.17,0.9400000000000002,1.64,0.0,0.22000000000000003,2018,11,1.825,0.0,1.852857142857143,0.0,-0.16495937728711998
2018-11-20,2.1,0.0,21.7,11.7,2.17,1.17,1.0,1.67,0.0,0.21000000000000002,2018,11,1.8057142857142856,0.0,1.825357142857143,0.0,-0.16495937728711998
2018-11-21,2.5,0.3,21.1,12.8,2.1100000000000003,1.28,0.8300000000000001,1.6950000000000003,0.03,0.25,2018,11,1.7578571428571428,0.004285714285714286,1.8135714285714286,0.002142857142857143,-0.0793896714897667
2018-11-22,4.1,14.0,19.4,13.9,1.94,1.3900000000000001,0.5499999999999998,1.6649999999999998,1.4,0.41,2018,11,1.7221428571428572,0.20428571428571426,1.799642857142857,0.10214285714285713,3.8282935599227
2018-11-23,2.6,0.0,19.4,12.8,1.94,1.28,0.6599999999999998,1.61,0.0,0.26,2018,11,1.6907142857142858,0.20428571428571426,1.7757142857142856,0.10214285714285713,-0.16495937728711998
2018-11-24,2.3,0.0,20.6,12.2,2.06,1.22,0.8400000000000002,1.64,0.0,0.22999999999999998,2018,11,1.6714285714285713,0.20428571428571426,1.7560714285714287,0.10214285714285713,-0.16495937728711998
2018-11-25,3.2,0.0,23.9,13.9,2.3899999999999997,1.3900000000000001,0.9999999999999998,1.89,0.0,0.32,2018,11,1.6871428571428573,0.20428571428571426,1.7639285714285715,0.10214285714285713,-0.16495937728711998
2018-11-26,2.6,0.0,25.0,12.8,2.5,1.28,1.22,1.89,0.0,0.26,2018,11,1.7228571428571429,0.20428571428571426,1.7739285714285715,0.10214285714285713,-0.16495937728711998
2018-11-27,2.6,0.0,23.3,13.3,2.33,1.33,1.0,1.83,0.0,0.26,2018,11,1.7457142857142858,0.20428571428571426,1.7757142857142856,0.10214285714285713,-0.16495937728711998
2018-11-28,2.6,1.0,20.0,12.8,2.0,1.28,0.72,1.64,0.1,0.26,2018,11,1.7378571428571428,0.21428571428571427,1.7478571428571428,0.10928571428571428,0.12027297537072436
2018-11-29,6.7,37.8,18.9,13.3,1.89,1.33,0.5599999999999998,1.61,3.78,0.67,2018,11,1.73,0.5542857142857143,1.7260714285714285,0.3792857142857143,10.616823553179394
2018-11-30,3.8,0.0,18.3,12.2,1.83,1.22,0.6100000000000001,1.525,0.0,0.38,2018,11,1.717857142857143,0.5542857142857143,1.7042857142857142,0.3792857142857143,-0.16495937728711998
2019-11-01,3.3,0.0,27.8,11.7,2.7800000000000002,1.17,1.61,1.975,0.0,0.32999999999999996,2019,11,1.7657142857142856,0.5542857142857143,1.7185714285714284,0.3792857142857143,-0.16495937728711998
2019-11-02,2.1,0.0,27.8,11.7,2.7800000000000002,1.17,1.61,1.975,0.0,0.21000000000000002,2019,11,1.7778571428571428,0.5542857142857143,1.7325,0.3792857142857143,-0.16495937728711998
2019-11-03,2.3,0.0,25.0,11.1,2.5,1.1099999999999999,1.3900000000000001,1.8050000000000002,0.0,0.22999999999999998,2019,11,1.7657142857142856,0.5542857142857143,1.7442857142857144,0.3792857142857143,-0.16495937728711998
2019-11-04,2.3,0.0,23.9,11.7,2.3899999999999997,1.17,1.22,1.7799999999999998,0.0,0.22999999999999998,2019,11,1.7585714285714287,0.5542857142857143,1.7521428571428572,0.3792857142857143,-0.16495937728711998
2019-11-05,2.6,0.0,22.2,13.9,2.2199999999999998,1.3900000000000001,0.8299999999999998,1.8050000000000002,0.0,0.26,2019,11,1.782142857142857,0.5399999999999999,1.76,0.3771428571428571,-0.16495937728711998
2019-11-06,2.2,0.0,20.0,14.4,2.0,1.44,0.5599999999999999,1.72,0.0,0.22000000000000003,2019,11,1.797857142857143,0.0,1.7639285714285715,0.27714285714285714,-0.16495937728711998
2019-11-07,2.8,0.0,20.0,15.0,2.0,1.5,0.5,1.75,0.0,0.27999999999999997,2019,11,1.83,0.0,1.7739285714285715,0.27714285714285714,-0.16495937728711998
2019-11-08,2.1,0.0,25.6,13.3,2.56,1.33,1.23,1.9450000000000003,0.0,0.21000000000000002,2019,11,1.8257142857142858,0.0,1.7957142857142858,0.27714285714285714,-0.16495937728711998
2019-11-09,2.8,0.0,32.2,15.0,3.22,1.5,1.7200000000000002,2.3600000000000003,0.0,0.27999999999999997,2019,11,1.8807142857142858,0.0,1.8292857142857142,0.27714285714285714,-0.16495937728711998
2019-11-10,2.7,0.0,22.2,15.6,2.2199999999999998,1.56,0.6599999999999999,1.89,0.0,0.27,2019,11,1.8928571428571428,0.0,1.8292857142857142,0.27714285714285714,-0.16495937728711998
2019-11-11,2.5,0.0,20.0,16.7,2.0,1.67,0.33000000000000007,1.8350000000000002,0.0,0.25,2019,11,1.900714285714286,0.0,1.8296428571428573,0.27714285714285714,-0.16495937728711998
2019-11-12,2.8,0.0,20.6,15.6,2.06,1.56,0.5000000000000002,1.81,0.0,0.27999999999999997,2019,11,1.9014285714285715,0.0,1.8417857142857144,0.26999999999999996,-0.16495937728711998
2019-11-13,2.3,0.0,20.0,15.6,2.0,1.56,0.44000000000000006,1.78,0.0,0.22999999999999998,2019,11,1.9100000000000001,0.0,1.8539285714285716,0.0,-0.16495937728711998
2019-11-14,2.8,0.0,20.6,13.9,2.06,1.3900000000000001,0.6700000000000002,1.725,0.0,0.27999999999999997,2019,11,1.9064285714285716,0.0,1.8682142857142858,0.0,-0.16495937728711998
2019-11-15,2.2,0.0,21.1,13.9,2.1100000000000003,1.3900000000000001,0.7200000000000001,1.75,0.0,0.22000000000000003,2019,11,1.8785714285714286,0.0,1.852142857142857,0.0,-0.16495937728711998
2019-11-16,2.4,0.0,22.2,12.8,2.2199999999999998,1.28,0.9399999999999998,1.75,0.0,0.24,2019,11,1.7914285714285716,0.0,1.8360714285714288,0.0,-0.16495937728711998
2019-11-17,1.6,0.0,33.9,12.8,3.3899999999999997,1.28,2.11,2.335,0.0,0.16,2019,11,1.855,0.0,1.8739285714285714,0.0,-0.16495937728711998
2019-11-18,3.0,0.0,33.9,16.7,3.3899999999999997,1.67,1.72,2.53,0.0,0.3,2019,11,1.9542857142857142,0.0,1.9275,0.0,-0.16495937728711998
2019-11-19,3.1,0.3,26.1,16.7,2.6100000000000003,1.67,0.9400000000000002,2.1399999999999997,0.03,0.31,2019,11,2.0014285714285713,0.004285714285714286,1.9514285714285715,0.002142857142857143,-0.0793896714897667
2019-11-20,5.2,8.9,17.2,11.7,1.72,1.17,0.55,1.4449999999999998,0.89,0.52,2019,11,1.9535714285714285,0.13142857142857142,1.9317857142857144,0.06571428571428571,2.3736085613676945
2019-11-21,2.4,0.3,19.4,11.7,1.94,1.17,0.7699999999999999,1.555,0.03,0.24,2019,11,1.929285714285714,0.1357142857142857,1.917857142857143,0.06785714285714285,-0.0793896714897667
2019-11-22,3.0,0.0,21.7,12.8,2.17,1.28,0.8899999999999999,1.725,0.0,0.3,2019,11,1.9257142857142855,0.1357142857142857,1.9021428571428571,0.06785714285714285,-0.16495937728711998
2019-11-23,2.3,0.0,23.9,13.3,2.3899999999999997,1.33,1.0599999999999998,1.86,0.0,0.22999999999999998,2019,11,1.9414285714285715,0.1357142857142857,1.8664285714285713,0.06785714285714285,-0.16495937728711998
2019-11-24,3.0,0.0,25.6,11.7,2.56,1.17,1.3900000000000001,1.8649999999999998,0.0,0.3,2019,11,1.874285714285714,0.1357142857142857,1.8646428571428573,0.06785714285714285,-0.16495937728711998
2019-11-25,3.4,0.0,21.1,10.6,2.1100000000000003,1.06,1.0500000000000003,1.5850000000000002,0.0,0.33999999999999997,2019,11,1.739285714285714,0.1357142857142857,1.8467857142857143,0.06785714285714285,-0.16495937728711998
2019-11-26,3.5,0.0,19.4,12.8,1.94,1.28,0.6599999999999998,1.61,0.0,0.35,2019,11,1.6635714285714285,0.13142857142857142,1.8325,0.06785714285714285,-0.16495937728711998
2019-11-27,4.1,6.9,15.0,10.0,1.5,1.0,0.5,1.25,0.6900000000000001,0.41,2019,11,1.6357142857142857,0.10285714285714287,1.7946428571428572,0.11714285714285715,1.803143856052006
2019-11-28,4.2,19.8,11.7,7.8,1.17,0.78,0.38999999999999996,0.975,1.98,0.42000000000000004,2019,11,1.552857142857143,0.3814285714285714,1.7410714285714286,0.25857142857142856,5.482641205338197
2019-11-29,3.7,0.3,15.0,6.1,1.5,0.61,0.89,1.0550000000000002,0.03,0.37,2019,11,1.4571428571428573,0.38571428571428573,1.6914285714285715,0.26071428571428573,-0.0793896714897667
2019-11-30,2.7,0.0,16.1,6.7,1.61,0.67,0.9400000000000002,1.1400000000000001,0.0,0.27,2019,11,1.3542857142857143,0.38571428571428573,1.647857142857143,0.26071428571428573,-0.16495937728711998
2020-11-01,2.3,0.0,24.4,12.8,2.44,1.28,1.1599999999999997,1.86,0.0,0.22999999999999998,2020,11,1.3535714285714289,0.38571428571428573,1.6139285714285714,0.26071428571428573,-0.16495937728711998
2020-11-02,1.9,0.0,20.6,14.4,2.06,1.44,0.6200000000000001,1.75,0.0,0.19,2020,11,1.3771428571428572,0.38571428571428573,1.5582142857142858,0.26071428571428573,-0.16495937728711998
2020-11-03,2.2,0.0,22.2,13.9,2.2199999999999998,1.3900000000000001,0.8299999999999998,1.8050000000000002,0.0,0.22000000000000003,2020,11,1.405,0.38571428571428573,1.5342857142857143,0.25857142857142856,-0.16495937728711998
2020-11-04,2.2,0.0,22.2,13.3,2.2199999999999998,1.33,0.8899999999999999,1.775,0.0,0.22000000000000003,2020,11,1.4800000000000002,0.2871428571428571,1.557857142857143,0.195,-0.16495937728711998
2020-11-05,1.5,0.0,31.1,14.4,3.1100000000000003,1.44,1.6700000000000004,2.275,0.0,0.15,2020,11,1.6657142857142857,0.004285714285714286,1.6092857142857144,0.19285714285714287,-0.16495937728711998
2020-11-06,4.8,0.0,23.3,14.4,2.33,1.44,0.89,1.8850000000000002,0.0,0.48,2020,11,1.7842857142857143,0.0,1.6207142857142858,0.19285714285714287,-0.16495937728711998
2020-11-07,7.7,2.5,16.7,11.1,1.67,1.1099999999999999,0.5599999999999999,1.39,0.25,0.77,2020,11,1.82,0.03571428571428571,1.587142857142857,0.21071428571428572,0.5481215043574909
2020-11-08,8.7,0.0,16.1,8.9,1.61,0.89,0.7200000000000001,1.25,0.0,0.8699999999999999,2020,11,1.7328571428571429,0.03571428571428571,1.5432142857142856,0.21071428571428572,-0.16495937728711998
2020-11-09,2.5,0.0,16.7,7.2,1.67,0.72,0.95,1.1949999999999998,0.0,0.25,2020,11,1.6535714285714285,0.03571428571428571,1.5153571428571428,0.21071428571428572,-0.16495937728711998
2020-11-10,2.7,0.0,17.8,7.8,1.78,0.78,1.0,1.28,0.0,0.27,2020,11,1.5785714285714287,0.03571428571428571,1.4917857142857145,0.21071428571428572,-0.16495937728711998
2020-11-11,2.6,0.0,17.8,7.8,1.78,0.78,1.0,1.28,0.0,0.26,2020,11,1.5078571428571428,0.03571428571428571,1.4939285714285713,0.16142857142857142,-0.16495937728711998
2020-11-12,2.8,0.0,19.4,8.3,1.94,0.8300000000000001,1.1099999999999999,1.385,0.0,0.27999999999999997,2020,11,1.3807142857142856,0.03571428571428571,1.5232142857142856,0.02,-0.16495937728711998
2020-11-13,2.8,0.0,18.3,8.9,1.83,0.89,0.9400000000000001,1.36,0.0,0.27999999999999997,2020,11,1.3057142857142858,0.03571428571428571,1.545,0.017857142857142856,-0.16495937728711998
2020-11-14,2.6,0.0,18.3,10.0,1.83,1.0,0.8300000000000001,1.415,0.0,0.26,2020,11,1.3092857142857142,0.0,1.5646428571428572,0.017857142857142856,-0.16495937728711998
2020-11-15,1.9,0.0,27.8,10.6,2.7800000000000002,1.06,1.7200000000000002,1.92,0.0,0.19,2020,11,1.405,0.0,1.5689285714285715,0.017857142857142856,-0.16495937728711998
2020-11-16,2.8,0.0,32.8,14.4,3.28,1.44,1.8399999999999999,2.36,0.0,0.27999999999999997,2020,11,1.5714285714285714,0.0,1.6125,0.017857142857142856,-0.16495937728711998
2020-11-17,2.6,0.0,23.9,12.2,2.3899999999999997,1.22,1.17,1.8049999999999997,0.0,0.26,2020,11,1.6464285714285716,0.0,1.6125,0.017857142857142856,-0.16495937728711998
2020-11-18,3.8,0.0,17.8,12.2,1.78,1.22,0.5600000000000002,1.5,0.0,0.38,2020,11,1.6778571428571427,0.0,1.592857142857143,0.017857142857142856,-0.16495937728711998
2020-11-19,2.5,0.0,16.7,11.1,1.67,1.1099999999999999,0.5599999999999999,1.39,0.0,0.25,2020,11,1.6785714285714286,0.0,1.529642857142857,0.017857142857142856,-0.16495937728711998
2020-11-20,1.6,0.0,19.4,10.0,1.94,1.0,0.9399999999999998,1.47,0.0,0.16,2020,11,1.6942857142857142,0.0,1.5,0.017857142857142856,-0.16495937728711998
2020-11-21,1.6,0.0,21.7,11.1,2.17,1.1099999999999999,1.06,1.64,0.0,0.16,2020,11,1.7264285714285712,0.0,1.5178571428571428,0.0,-0.16495937728711998
2020-11-22,2.0,0.0,20.0,8.9,2.0,0.89,1.1099999999999999,1.4449999999999998,0.0,0.2,2020,11,1.6585714285714286,0.0,1.5317857142857143,0.0,-0.16495937728711998
2020-11-23,1.8,0.0,16.7,9.4,1.67,0.9400000000000001,0.7299999999999999,1.3050000000000002,0.0,0.18,2020,11,1.5078571428571428,0.0,1.539642857142857,0.0,-0.16495937728711998
2020-11-24,2.5,0.0,19.4,11.1,1.94,1.1099999999999999,0.8299999999999998,1.525,0.0,0.25,2020,11,1.467857142857143,0.0,1.5571428571428572,0.0,-0.16495937728711998
2020-11-25,2.4,0.0,17.2,10.0,1.72,1.0,0.72,1.3599999999999999,0.0,0.24,2020,11,1.4478571428571427,0.0,1.5628571428571427,0.0,-0.16495937728711998
2020-11-26,2.0,0.0,18.3,10.0,1.83,1.0,0.8300000000000001,1.415,0.0,0.2,2020,11,1.4514285714285715,0.0,1.565,0.0,-0.16495937728711998
2020-11-27,2.4,0.0,19.4,6.1,1.94,0.61,1.3299999999999998,1.275,0.0,0.24,2020,11,1.4235714285714285,0.0,1.5589285714285714,0.0,-0.16495937728711998
2020-11-28,2.0,0.0,22.2,8.9,2.2199999999999998,0.89,1.3299999999999998,1.5550000000000002,0.0,0.2,2020,11,1.4114285714285713,0.0,1.5689285714285715,0.0,-0.16495937728711998
2020-11-29,2.3,0.0,23.3,8.9,2.33,0.89,1.44,1.61,0.0,0.22999999999999998,2020,11,1.435,0.0,1.5467857142857144,0.0,-0.16495937728711998
2020-11-30,2.1,0.0,24.4,9.4,2.44,0.9400000000000001,1.4999999999999998,1.69,0.0,0.21000000000000002,2020,11,1.49,0.0,1.4989285714285714,0.0,-0.16495937728711998
2021-11-01,3.2,0.0,17.8,11.7,1.78,1.17,0.6100000000000001,1.475,0.0,0.32,2021,11,1.4828571428571429,0.0,1.475357142857143,0.0,-0.16495937728711998
2021-11-02,2.6,0.0,18.3,13.3,1.83,1.33,0.5,1.58,0.0,0.26,2021,11,1.5142857142857142,0.0,1.4810714285714286,0.0,-0.16495937728711998
2021-11-03,2.2,0.0,18.3,14.4,1.83,1.44,0.39,1.6350000000000002,0.0,0.22000000000000003,2021,11,1.5457142857142858,0.0,1.4985714285714287,0.0,-0.16495937728711998
2021-11-04,2.4,0.0,17.8,13.9,1.78,1.3900000000000001,0.39,1.5850000000000002,0.0,0.24,2021,11,1.59,0.0,1.5067857142857142,0.0,-0.16495937728711998
2021-11-05,2.4,0.0,18.9,13.3,1.89,1.33,0.5599999999999998,1.61,0.0,0.24,2021,11,1.5978571428571429,0.0,1.5046428571428572,0.0,-0.16495937728711998
2021-11-06,2.6,0.0,16.7,13.3,1.67,1.33,0.33999999999999986,1.5,0.0,0.26,2021,11,1.5821428571428573,0.0,1.5085714285714287,0.0,-0.16495937728711998
2021-11-07,2.4,0.0,16.7,13.3,1.67,1.33,0.33999999999999986,1.5,0.0,0.24,2021,11,1.5550000000000002,0.0,1.5225000000000002,0.0,-0.16495937728711998
2021-11-08,2.7,0.0,20.0,13.3,2.0,1.33,0.6699999999999999,1.6649999999999998,0.0,0.27,2021,11,1.5821428571428573,0.0,1.5325000000000002,0.0,-0.16495937728711998
2021-11-09,3.3,0.0,18.9,13.3,1.89,1.33,0.5599999999999998,1.61,0.0,0.32999999999999996,2021,11,1.5864285714285715,0.0,1.550357142857143,0.0,-0.16495937728711998
2021-11-10,2.3,0.0,21.7,15.0,2.17,1.5,0.6699999999999999,1.8350000000000002,0.0,0.22999999999999998,2021,11,1.615,0.0,1.5803571428571428,0.0,-0.16495937728711998
2021-11-11,1.3,0.0,28.9,13.9,2.8899999999999997,1.3900000000000001,1.4999999999999998,2.1399999999999997,0.0,0.13,2021,11,1.6942857142857142,0.0,1.6421428571428573,0.0,-0.16495937728711998
2021-11-12,1.7,0.0,32.8,16.7,3.28,1.67,1.6099999999999999,2.475,0.0,0.16999999999999998,2021,11,1.8178571428571428,0.0,1.707857142857143,0.0,-0.16495937728711998
2021-11-13,2.2,0.0,32.8,17.8,3.28,1.78,1.4999999999999996,2.53,0.0,0.22000000000000003,2021,11,1.9649999999999999,0.0,1.7735714285714288,0.0,-0.16495937728711998
2021-11-14,2.8,0.0,30.0,15.0,3.0,1.5,1.5,2.25,0.0,0.27999999999999997,2021,11,2.072142857142857,0.0,1.8135714285714286,0.0,-0.16495937728711998
2021-11-15,2.3,0.0,24.4,13.9,2.44,1.3900000000000001,1.0499999999999998,1.9149999999999998,0.0,0.22999999999999998,2021,11,2.1078571428571427,0.0,1.845,0.0,-0.16495937728711998
2021-11-16,2.4,0.0,17.2,13.9,1.72,1.3900000000000001,0.3299999999999999,1.5550000000000002,0.0,0.24,2021,11,2.1,0.0,1.8432142857142857,0.0,-0.16495937728711998
2021-11-17,2.9,0.0,18.9,13.3,1.89,1.33,0.5599999999999998,1.61,0.0,0.29,2021,11,2.0678571428571426,0.0,1.8414285714285714,0.0,-0.16495937728711998
2021-11-18,2.5,0.0,17.8,11.7,1.78,1.17,0.6100000000000001,1.475,0.0,0.25,2021,11,1.9728571428571429,0.0,1.8335714285714286,0.0,-0.16495937728711998
2021-11-19,2.6,0.0,18.3,14.4,1.83,1.44,0.39,1.6350000000000002,0.0,0.26,2021,11,1.852857142857143,0.0,1.835357142857143,0.0,-0.16495937728711998
2021-11-20,1.7,0.0,16.7,13.9,1.67,1.3900000000000001,0.2799999999999999,1.53,0.0,0.16999999999999998,2021,11,1.7100000000000002,0.0,1.8375000000000001,0.0,-0.16495937728711998
2021-11-21,1.4,0.0,31.1,10.6,3.1100000000000003,1.06,2.05,2.085,0.0,0.13999999999999999,2021,11,1.6864285714285714,0.0,1.8792857142857142,0.0,-0.16495937728711998
2021-11-22,2.9,0.0,29.4,13.9,2.94,1.3900000000000001,1.5499999999999998,2.165,0.0,0.29,2021,11,1.7221428571428572,0.0,1.9149999999999998,0.0,-0.16495937728711998
2021-11-23,2.7,0.0,21.7,14.4,2.17,1.44,0.7299999999999999,1.8050000000000002,0.0,0.27,2021,11,1.7578571428571428,0.0,1.9289285714285713,0.0,-0.16495937728711998
2021-11-24,2.9,0.0,21.7,12.2,2.17,1.22,0.95,1.6949999999999998,0.0,0.29,2021,11,1.77,0.0,1.9189285714285713,0.0,-0.16495937728711998
2021-11-25,1.7,0.0,25.0,10.6,2.5,1.06,1.44,1.78,0.0,0.16999999999999998,2021,11,1.8135714285714286,0.0,1.8932142857142857,0.0,-0.16495937728711998
2021-11-26,2.0,0.0,24.4,10.6,2.44,1.06,1.38,1.75,0.0,0.2,2021,11,1.83,0.0,1.8414285714285714,0.0,-0.16495937728711998
2021-11-27,2.4,0.0,25.6,10.0,2.56,1.0,1.56,1.78,0.0,0.24,2021,11,1.8657142857142859,0.0,1.787857142857143,0.0,-0.16495937728711998
2021-11-28,2.4,0.0,21.7,10.0,2.17,1.0,1.17,1.585,0.0,0.24,2021,11,1.7942857142857143,0.0,1.740357142857143,0.0,-0.16495937728711998
2021-11-29,1.6,0.0,22.8,11.7,2.2800000000000002,1.17,1.11,1.725,0.0,0.16,2021,11,1.7314285714285715,0.0,1.7267857142857144,0.0,-0.16495937728711998
2021-11-30,1.7,0.0,16.1,11.7,1.61,1.17,0.4400000000000002,1.3900000000000001,0.0,0.16999999999999998,2021,11,1.6721428571428572,0.0,1.715,0.0,-0.16495937728711998
2022-11-01,3.4,0.8,21.7,15.0,2.17,1.5,0.6699999999999999,1.8350000000000002,0.08,0.33999999999999997,2022,11,1.6921428571428572,0.011428571428571429,1.7310714285714286,0.005714285714285714,0.06322650483915547
2022-11-02,6.1,3.3,19.4,14.4,1.94,1.44,0.49999999999999983,1.69,0.32999999999999996,0.61,2022,11,1.6792857142857145,0.058571428571428566,1.7464285714285714,0.029285714285714283,0.7763073864837662
2022-11-03,5.5,0.0,17.8,11.7,1.78,1.17,0.6100000000000001,1.475,0.0,0.55,2022,11,1.6400000000000001,0.058571428571428566,1.7349999999999999,0.029285714285714283,-0.16495937728711998
2022-11-04,2.8,0.0,19.4,10.0,1.94,1.0,0.9399999999999998,1.47,0.0,0.27999999999999997,2022,11,1.5957142857142856,0.058571428571428566,1.7307142857142856,0.029285714285714283,-0.16495937728711998
2022-11-05,2.2,0.0,18.9,10.6,1.89,1.06,0.8299999999999998,1.475,0.0,0.22000000000000003,2022,11,1.58,0.058571428571428566,1.6871428571428573,0.029285714285714283,-0.16495937728711998
2022-11-06,2.3,0.0,19.4,11.7,1.94,1.17,0.7699999999999999,1.555,0.0,0.22999999999999998,2022,11,1.5557142857142858,0.058571428571428566,1.6435714285714287,0.029285714285714283,-0.16495937728711998
2022-11-07,3.5,1.8,18.3,13.9,1.83,1.3900000000000001,0.44000000000000006,1.61,0.18,0.35,2022,11,1.587142857142857,0.08428571428571428,1.6296428571428572,0.04214285714285714,0.3484588574969998
2022-11-08,5.3,36.6,19.4,12.2,1.94,1.22,0.72,1.5799999999999998,3.66,0.53,2022,11,1.5507142857142857,0.5957142857142858,1.6214285714285714,0.30357142857142855,10.274544729989982
2022-11-09,3.6,2.5,16.1,11.1,1.61,1.1099999999999999,0.5000000000000002,1.36,0.25,0.36,2022,11,1.5035714285714286,0.5842857142857143,1.5914285714285714,0.32142857142857145,0.5481215043574909
2022-11-10,2.2,0.0,20.0,7.8,2.0,0.78,1.22,1.3900000000000001,0.0,0.22000000000000003,2022,11,1.4914285714285713,0.5842857142857143,1.5657142857142858,0.32142857142857145,-0.16495937728711998
2022-11-11,2.7,0.0,21.7,8.9,2.17,0.89,1.2799999999999998,1.53,0.0,0.27,2022,11,1.5,0.5842857142857143,1.547857142857143,0.32142857142857145,-0.16495937728711998
2022-11-12,2.9,0.0,20.0,9.4,2.0,0.9400000000000001,1.06,1.47,0.0,0.29,2022,11,1.4992857142857143,0.5842857142857143,1.539642857142857,0.32142857142857145,-0.16495937728711998
2022-11-13,4.5,0.0,20.0,9.4,2.0,0.9400000000000001,1.06,1.47,0.0,0.45,2022,11,1.487142857142857,0.5842857142857143,1.5214285714285716,0.32142857142857145,-0.16495937728711998
2022-11-14,2.2,0.0,20.6,8.9,2.06,0.89,1.1700000000000002,1.475,0.0,0.22000000000000003,2022,11,1.467857142857143,0.5585714285714286,1.5275,0.32142857142857145,-0.16495937728711998
2022-11-15,2.6,0.0,22.2,8.9,2.2199999999999998,0.89,1.3299999999999998,1.5550000000000002,0.0,0.26,2022,11,1.4642857142857142,0.03571428571428571,1.5075,0.3157142857142857,-0.16495937728711998
2022-11-16,2.3,0.0,23.3,8.9,2.33,0.89,1.44,1.61,0.0,0.22999999999999998,2022,11,1.5,0.0,1.5017857142857145,0.29214285714285715,-0.16495937728711998
2022-11-17,2.2,0.0,23.9,10.6,2.3899999999999997,1.06,1.3299999999999998,1.725,0.0,0.22000000000000003,2022,11,1.547857142857143,0.0,1.5196428571428573,0.29214285714285715,-0.16495937728711998
2022-11-18,2.3,0.0,20.6,8.3,2.06,0.8300000000000001,1.23,1.445,0.0,0.22999999999999998,2022,11,1.5357142857142858,0.0,1.5178571428571428,0.29214285714285715,-0.16495937728711998
2022-11-19,1.7,0.0,23.9,8.9,2.3899999999999997,0.89,1.4999999999999998,1.64,0.0,0.16999999999999998,2022,11,1.56,0.0,1.529642857142857,0.29214285714285715,-0.16495937728711998
2022-11-20,2.6,0.0,25.0,10.6,2.5,1.06,1.44,1.78,0.0,0.26,2022,11,1.6042857142857143,0.0,1.5457142857142858,0.29214285714285715,-0.16495937728711998
2022-11-21,2.6,0.0,25.0,11.1,2.5,1.1099999999999999,1.3900000000000001,1.8050000000000002,0.0,0.26,2022,11,1.6514285714285715,0.0,1.559642857142857,0.2792857142857143,-0.16495937728711998
2022-11-22,2.4,0.0,23.3,10.6,2.33,1.06,1.27,1.6949999999999998,0.0,0.24,2022,11,1.6714285714285713,0.0,1.5678571428571428,0.017857142857142856,-0.16495937728711998
2022-11-23,1.8,0.0,21.1,8.3,2.1100000000000003,0.8300000000000001,1.28,1.4700000000000002,0.0,0.18,2022,11,1.6514285714285715,0.0,1.5757142857142858,0.0,-0.16495937728711998
2022-11-24,2.4,0.0,25.6,8.3,2.56,0.8300000000000001,1.73,1.6950000000000003,0.0,0.24,2022,11,1.6471428571428572,0.0,1.5975000000000001,0.0,-0.16495937728711998
2022-11-25,2.8,0.0,24.4,8.9,2.44,0.89,1.5499999999999998,1.6649999999999998,0.0,0.27999999999999997,2022,11,1.6785714285714286,0.0,1.6071428571428572,0.0,-0.16495937728711998
2022-11-26,2.1,0.0,21.7,8.3,2.17,0.8300000000000001,1.3399999999999999,1.5,0.0,0.21000000000000002,2022,11,1.6585714285714286,0.0,1.6092857142857144,0.0,-0.16495937728711998
2022-11-27,2.5,0.0,19.4,9.4,1.94,0.9400000000000001,0.9999999999999998,1.44,0.0,0.25,2022,11,1.6099999999999999,0.0,1.6071428571428572,0.0,-0.16495937728711998
2022-11-28,3.1,0.0,17.2,12.2,1.72,1.22,0.5,1.47,0.0,0.31,2022,11,1.5621428571428573,0.0,1.6067857142857143,0.0,-0.16495937728711998
2022-11-29,2.3,0.0,18.9,11.1,1.89,1.1099999999999999,0.7799999999999999,1.5,0.0,0.22999999999999998,2022,11,1.5342857142857143,0.0,1.602857142857143,0.0,-0.16495937728711998
2022-11-30,2.5,0.0,18.3,9.4,1.83,0.9400000000000001,0.89,1.3850000000000002,0.0,0.25,2022,11,1.5221428571428572,0.0,1.5867857142857142,0.0,-0.16495937728711998
2023-11-01,3.3,0.0,30.0,15.0,3.0,1.5,1.5,2.25,0.0,0.32999999999999996,2023,11,1.6014285714285716,0.0,1.6242857142857143,0.0,-0.16495937728711998
2023-11-02,2.6,0.0,26.7,12.8,2.67,1.28,1.39,1.975,0.0,0.26,2023,11,1.6457142857142857,0.0,1.6621428571428571,0.0,-0.16495937728711998
2023-11-03,2.6,0.0,25.0,12.2,2.5,1.22,1.28,1.86,0.0,0.26,2023,11,1.6971428571428573,0.0,1.677857142857143,0.0,-0.16495937728711998
2023-11-04,2.6,0.0,21.1,11.1,2.1100000000000003,1.1099999999999999,1.0000000000000002,1.61,0.0,0.26,2023,11,1.7214285714285715,0.0,1.6657142857142857,0.0,-0.16495937728711998
2023-11-05,2.2,0.0,22.2,11.7,2.2199999999999998,1.17,1.05,1.6949999999999998,0.0,0.22000000000000003,2023,11,1.7535714285714286,0.0,1.657857142857143,0.0,-0.16495937728711998
2023-11-06,2.7,0.0,21.7,14.4,2.17,1.44,0.7299999999999999,1.8050000000000002,0.0,0.27,2023,11,1.7971428571428572,0.0,1.6657142857142857,0.0,-0.16495937728711998
2023-11-07,4.1,0.0,21.7,16.1,2.17,1.61,0.5599999999999998,1.89,0.0,0.41,2023,11,1.8692857142857144,0.0,1.695714285714286,0.0,-0.16495937728711998
2023-11-08,2.6,0.0,25.0,12.2,2.5,1.22,1.28,1.86,0.0,0.26,2023,11,1.8135714285714286,0.0,1.7075,0.0,-0.16495937728711998
2023-11-09,2.3,0.0,25.6,10.6,2.56,1.06,1.5000000000000002,1.81,0.0,0.22999999999999998,2023,11,1.7900000000000003,0.0,1.717857142857143,0.0,-0.16495937728711998
2023-11-10,2.3,0.0,23.3,10.0,2.33,1.0,1.33,1.6649999999999998,0.0,0.22999999999999998,2023,11,1.7621428571428572,0.0,1.729642857142857,0.0,-0.16495937728711998
2023-11-11,2.4,0.0,25.0,10.0,2.5,1.0,1.5,1.75,0.0,0.24,2023,11,1.782142857142857,0.0,1.7517857142857143,0.0,-0.16495937728711998
2023-11-12,2.7,0.0,28.9,12.8,2.8899999999999997,1.28,1.6099999999999999,2.085,0.0,0.27,2023,11,1.8378571428571429,0.0,1.7957142857142858,0.0,-0.16495937728711998
2023-11-13,2.6,0.0,23.3,11.7,2.33,1.17,1.1600000000000001,1.75,0.0,0.26,2023,11,1.83,0.0,1.8135714285714286,0.0,-0.16495937728711998
2023-11-14,2.0,0.0,25.0,10.6,2.5,1.06,1.44,1.78,0.0,0.2,2023,11,1.8142857142857143,0.0,1.8417857142857144,0.0,-0.16495937728711998
2023-11-15,3.3,3.3,20.6,13.3,2.06,1.33,0.7300000000000001,1.6950000000000003,0.32999999999999996,0.32999999999999996,2023,11,1.7907142857142857,0.04714285714285714,1.8021428571428573,0.02357142857142857,0.7763073864837662
2023-11-16,2.9,0.0,22.8,14.4,2.2800000000000002,1.44,0.8400000000000001,1.86,0.0,0.29,2023,11,1.797857142857143,0.04714285714285714,1.7939285714285715,0.02357142857142857,-0.16495937728711998
2023-11-17,3.1,0.0,22.2,12.8,2.2199999999999998,1.28,0.9399999999999998,1.75,0.0,0.31,2023,11,1.81,0.04714285714285714,1.7860714285714285,0.02357142857142857,-0.16495937728711998
2023-11-18,3.0,0.0,21.1,15.6,2.1100000000000003,1.56,0.5500000000000002,1.8350000000000002,0.0,0.3,2023,11,1.8221428571428573,0.04714285714285714,1.8021428571428573,0.02357142857142857,-0.16495937728711998
2023-11-19,4.0,0.0,22.2,15.0,2.2199999999999998,1.5,0.72,1.86,0.0,0.4,2023,11,1.7900000000000003,0.04714285714285714,1.8139285714285713,0.02357142857142857,-0.16495937728711998
2023-11-20,2.3,0.0,22.8,10.0,2.2800000000000002,1.0,1.28,1.64,0.0,0.22999999999999998,2023,11,1.7742857142857142,0.04714285714285714,1.8021428571428573,0.02357142857142857,-0.16495937728711998
2023-11-21,2.0,0.0,27.8,10.6,2.7800000000000002,1.06,1.7200000000000002,1.92,0.0,0.2,2023,11,1.7942857142857143,0.04714285714285714,1.8042857142857145,0.02357142857142857,-0.16495937728711998
2023-11-22,2.9,0.0,28.3,12.8,2.83,1.28,1.55,2.055,0.0,0.29,2023,11,1.8457142857142856,0.0,1.8182142857142858,0.02357142857142857,-0.16495937728711998
2023-11-23,3.0,0.0,21.1,12.8,2.1100000000000003,1.28,0.8300000000000001,1.6950000000000003,0.0,0.3,2023,11,1.8221428571428573,0.0,1.81,0.02357142857142857,-0.16495937728711998
2023-11-24,3.0,0.0,21.7,13.9,2.17,1.3900000000000001,0.7799999999999999,1.78,0.0,0.3,2023,11,1.8264285714285715,0.0,1.8182142857142858,0.02357142857142857,-0.16495937728711998
2023-11-25,2.8,0.0,20.6,11.7,2.06,1.17,0.8900000000000002,1.6149999999999998,0.0,0.27999999999999997,2023,11,1.795,0.0,1.8085714285714285,0.02357142857142857,-0.16495937728711998
2023-11-26,2.2,0.0,22.2,8.3,2.2199999999999998,0.8300000000000001,1.39,1.525,0.0,0.22000000000000003,2023,11,1.747142857142857,0.0,1.7685714285714287,0.02357142857142857,-0.16495937728711998
2023-11-27,2.5,0.0,22.8,10.0,2.2800000000000002,1.0,1.28,1.64,0.0,0.25,2023,11,1.747142857142857,0.0,1.760714285714286,0.02357142857142857,-0.16495937728711998
2023-11-28,2.6,0.0,21.7,11.7,2.17,1.17,1.0,1.67,0.0,0.26,2023,11,1.7114285714285715,0.0,1.752857142857143,0.02357142857142857,-0.16495937728711998
2023-11-29,2.9,0.0,18.3,10.6,1.83,1.06,0.7700000000000001,1.4449999999999998,0.0,0.29,2023,11,1.624285714285714,0.0,1.7349999999999999,0.0,-0.16495937728711998
2023-11-30,2.8,0.0,18.3,10.6,1.83,1.06,0.7700000000000001,1.4449999999999998,0.0,0.27999999999999997,2023,11,1.5885714285714285,0.0,1.7053571428571428,0.0,-0.16495937728711998
2024-11-01,2.6,0.0,18.9,11.1,1.89,1.1099999999999999,0.7799999999999999,1.5,0.0,0.26,2024,11,1.5485714285714285,0.0,1.6875,0.0,-0.16495937728711998
2024-11-02,2.5,0.3,18.9,11.7,1.89,1.17,0.72,1.5299999999999998,0.03,0.25,2024,11,1.5364285714285713,0.004285714285714286,1.6657142857142857,0.002142857142857143,-0.0793896714897667
2024-11-03,5.0,0.0,25.6,12.2,2.56,1.22,1.3400000000000003,1.89,0.0,0.5,2024,11,1.5885714285714285,0.004285714285714286,1.6678571428571427,0.002142857142857143,-0.16495937728711998
2024-11-04,2.3,0.0,23.3,12.8,2.33,1.28,1.05,1.8050000000000002,0.0,0.22999999999999998,2024,11,1.612142857142857,0.004285714285714286,1.6796428571428572,0.002142857142857143,-0.16495937728711998
2024-11-05,2.6,0.0,20.6,11.1,2.06,1.1099999999999999,0.9500000000000002,1.5850000000000002,0.0,0.26,2024,11,1.5999999999999999,0.004285714285714286,1.6557142857142857,0.002142857142857143,-0.16495937728711998
2024-11-06,2.0,0.0,25.6,12.8,2.56,1.28,1.28,1.9200000000000004,0.0,0.2,2024,11,1.667857142857143,0.004285714285714286,1.6460714285714286,0.002142857142857143,-0.16495937728711998
2024-11-07,3.0,0.0,22.8,9.4,2.2800000000000002,0.9400000000000001,1.34,1.61,0.0,0.3,2024,11,1.6914285714285715,0.004285714285714286,1.6400000000000001,0.002142857142857143,-0.16495937728711998
2024-11-08,2.8,0.0,22.8,8.9,2.2800000000000002,0.89,1.3900000000000001,1.5850000000000002,0.0,0.27999999999999997,2024,11,1.7035714285714287,0.004285714285714286,1.6260714285714286,0.002142857142857143,-0.16495937728711998
2024-11-09,2.2,0.0,22.2,9.4,2.2199999999999998,0.9400000000000001,1.2799999999999998,1.58,0.0,0.22000000000000003,2024,11,1.7107142857142859,0.0,1.6235714285714287,0.002142857142857143,-0.16495937728711998
2024-11-10,2.2,0.0,21.7,10.0,2.17,1.0,1.17,1.585,0.0,0.22000000000000003,2024,11,1.6671428571428575,0.0,1.627857142857143,0.002142857142857143,-0.16495937728711998
2024-11-11,2.6,0.0,18.9,8.9,1.89,0.89,0.9999999999999998,1.39,0.0,0.26,2024,11,1.6078571428571429,0.0,1.6099999999999999,0.002142857142857143,-0.16495937728711998
2024-11-12,3.6,0.0,21.7,13.3,2.17,1.33,0.8399999999999999,1.75,0.0,0.36,2024,11,1.6314285714285715,0.0,1.6157142857142859,0.002142857142857143,-0.16495937728711998
2024-11-13,3.2,0.0,25.6,12.2,2.56,1.22,1.3400000000000003,1.89,0.0,0.32,2024,11,1.6271428571428572,0.0,1.6475000000000002,0.002142857142857143,-0.16495937728711998
2024-11-14,3.3,0.0,21.1,10.6,2.1100000000000003,1.06,1.0500000000000003,1.5850000000000002,0.0,0.32999999999999996,2024,11,1.6235714285714287,0.0,1.6575000000000002,0.002142857142857143,-0.16495937728711998
2024-11-15,6.2,0.0,17.2,12.2,1.72,1.22,0.5,1.47,0.0,0.62,2024,11,1.6071428571428572,0.0,1.655357142857143,0.002142857142857143,-0.16495937728711998
2024-11-16,3.3,0.0,20.0,8.9,2.0,0.89,1.1099999999999999,1.4449999999999998,0.0,0.32999999999999996,2024,11,1.5878571428571429,0.0,1.6492857142857142,0.0,-0.16495937728711998
2024-11-17,2.8,0.0,20.6,7.2,2.06,0.72,1.3400000000000003,1.3900000000000001,0.0,0.27999999999999997,2024,11,1.56,0.0,1.6135714285714287,0.0,-0.16495937728711998
2024-11-18,3.0,0.0,18.3,8.3,1.83,0.8300000000000001,1.0,1.33,0.0,0.3,2024,11,1.5514285714285714,0.0,1.5796428571428573,0.0,-0.16495937728711998
2024-11-19,2.6,0.0,20.0,10.0,2.0,1.0,1.0,1.5,0.0,0.26,2024,11,1.5157142857142856,0.0,1.5735714285714286,0.0,-0.16495937728711998
2024-11-20,2.0,0.0,23.3,10.6,2.33,1.06,1.27,1.6949999999999998,0.0,0.2,2024,11,1.4878571428571428,0.0,1.5574999999999999,0.0,-0.16495937728711998
2024-11-21,2.1,0.0,22.8,8.9,2.2800000000000002,0.89,1.3900000000000001,1.5850000000000002,0.0,0.21000000000000002,2024,11,1.4878571428571428,0.0,1.5557142857142858,0.0,-0.16495937728711998
2024-11-22,2.4,0.0,21.1,8.3,2.1100000000000003,0.8300000000000001,1.28,1.4700000000000002,0.0,0.24,2024,11,1.487857142857143,0.0,1.5474999999999999,0.0,-0.16495937728711998
2024-11-23,1.5,0.0,16.1,9.4,1.61,0.9400000000000001,0.6700000000000002,1.275,0.0,0.15,2024,11,1.4635714285714287,0.0,1.5257142857142856,0.0,-0.16495937728711998
2024-11-24,3.4,0.0,16.1,11.7,1.61,1.17,0.4400000000000002,1.3900000000000001,0.0,0.33999999999999997,2024,11,1.4635714285714287,0.0,1.5117857142857143,0.0,-0.16495937728711998
2024-11-25,2.0,0.0,21.1,10.6,2.1100000000000003,1.06,1.0500000000000003,1.5850000000000002,0.0,0.2,2024,11,1.5,0.0,1.5257142857142856,0.0,-0.16495937728711998
2024-11-26,2.2,0.0,18.9,13.3,1.89,1.33,0.5599999999999998,1.61,0.0,0.22000000000000003,2024,11,1.5157142857142858,0.0,1.5157142857142856,0.0,-0.16495937728711998
2024-11-27,3.0,0.3,18.3,13.3,1.83,1.33,0.5,1.58,0.03,0.3,2024,11,1.4992857142857143,0.004285714285714286,1.4935714285714285,0.002142857142857143,-0.0793896714897667
2024-11-28,2.3,0.0,23.9,12.8,2.3899999999999997,1.28,1.1099999999999999,1.8350000000000002,0.0,0.22999999999999998,2024,11,1.5350000000000001,0.004285714285714286,1.5114285714285713,0.002142857142857143,-0.16495937728711998
2024-11-29,3.4,0.0,23.3,14.4,2.33,1.44,0.89,1.8850000000000002,0.0,0.33999999999999997,2024,11,1.5942857142857143,0.004285714285714286,1.5410714285714289,0.002142857142857143,-0.16495937728711998
2024-11-30,2.5,0.0,26.1,12.2,2.6100000000000003,1.22,1.3900000000000001,1.9149999999999998,0.0,0.25,2024,11,1.6857142857142857,0.004285714285714286,1.5746428571428572,0.002142857142857143,-0.16495937728711998
2024-12-01,2.4,0.0,21.1,11.7,2.1100000000000003,1.17,0.9400000000000002,1.64,0.0,0.24,2024,12,1.7214285714285715,0.004285714285714286,1.5925,0.002142857142857143,-0.16495937728711998
2024-12-02,2.1,0.0,20.0,10.0,2.0,1.0,1.0,1.5,0.0,0.21000000000000002,2024,12,1.7092857142857143,0.004285714285714286,1.604642857142857,0.002142857142857143,-0.16495937728711998
2024-12-03,1.7,0.0,18.3,10.0,1.83,1.0,0.8300000000000001,1.415,0.0,0.16999999999999998,2024,12,1.6814285714285713,0.004285714285714286,1.5985714285714288,0.002142857142857143,-0.16495937728711998
2024-12-04,2.2,0.0,16.7,11.7,1.67,1.17,0.5,1.42,0.0,0.22000000000000003,2024,12,1.6585714285714286,0.0,1.5789285714285715,0.002142857142857143,-0.16495937728711998
2024-12-05,1.6,0.0,17.2,10.6,1.72,1.06,0.6599999999999999,1.39,0.0,0.16,2024,12,1.595,0.0,1.565,0.002142857142857143,-0.16495937728711998
2024-12-06,1.7,0.0,17.2,8.9,1.72,0.89,0.8299999999999998,1.3050000000000002,0.0,0.16999999999999998,2024,12,1.512142857142857,0.0,1.5532142857142859,0.002142857142857143,-0.16495937728711998
2024-12-07,2.1,0.0,26.7,9.4,2.67,0.9400000000000001,1.7299999999999998,1.8050000000000002,0.0,0.21000000000000002,2024,12,1.4964285714285714,0.0,1.5910714285714287,0.002142857142857143,-0.16495937728711998
2024-12-08,1.7,0.0,18.3,9.4,1.83,0.9400000000000001,0.89,1.3850000000000002,0.0,0.16999999999999998,2024,12,1.4600000000000002,0.0,1.5907142857142857,0.002142857142857143,-0.16495937728711998
2024-12-09,2.6,0.0,16.7,11.7,1.67,1.17,0.5,1.42,0.0,0.26,2024,12,1.4485714285714286,0.0,1.5789285714285715,0.002142857142857143,-0.16495937728711998
2024-12-10,2.4,0.0,23.3,8.9,2.33,0.89,1.44,1.61,0.0,0.24,2024,12,1.4764285714285716,0.0,1.5789285714285715,0.002142857142857143,-0.16495937728711998
2024-12-11,2.7,0.0,22.2,11.7,2.2199999999999998,1.17,1.05,1.6949999999999998,0.0,0.27,2024,12,1.5157142857142856,0.0,1.587142857142857,0.0,-0.16495937728711998
2024-12-12,2.2,0.0,15.6,6.7,1.56,0.67,0.8899999999999999,1.115,0.0,0.22000000000000003,2024,12,1.4764285714285716,0.0,1.5357142857142858,0.0,-0.16495937728711998
2024-12-13,2.7,0.0,18.3,9.4,1.83,0.9400000000000001,0.89,1.3850000000000002,0.0,0.27,2024,12,1.487857142857143,0.0,1.5,0.0,-0.16495937728711998
2024-12-14,2.5,0.0,17.8,8.9,1.78,0.89,0.89,1.3350000000000002,0.0,0.25,2024,12,1.4207142857142858,0.0,1.4585714285714286,0.0,-0.16495937728711998
2024-12-15,2.4,0.0,18.3,8.9,1.83,0.89,0.9400000000000001,1.36,0.0,0.24,2024,12,1.417142857142857,0.0,1.4385714285714286,0.0,-0.16495937728711998
2024-12-16,2.5,0.0,19.4,8.3,1.94,0.8300000000000001,1.1099999999999999,1.385,0.0,0.25,2024,12,1.4121428571428571,0.0,1.430357142857143,0.0,-0.16495937728711998
2024-12-17,1.9,0.0,22.2,10.0,2.2199999999999998,1.0,1.22,1.61,0.0,0.19,2024,12,1.4121428571428571,0.0,1.4442857142857144,0.0,-0.16495937728711998
2024-12-18,1.7,0.0,28.3,10.6,2.83,1.06,1.7700000000000002,1.9449999999999998,0.0,0.16999999999999998,2024,12,1.4478571428571427,0.0,1.4817857142857143,0.0,-0.16495937728711998
2024-12-19,2.4,0.0,22.8,9.4,2.2800000000000002,0.9400000000000001,1.34,1.61,0.0,0.24,2024,12,1.5185714285714287,0.0,1.4975,0.0,-0.16495937728711998
2024-12-20,2.6,0.0,13.9,9.4,1.3900000000000001,0.9400000000000001,0.45,1.165,0.0,0.26,2024,12,1.487142857142857,0.0,1.4875,0.0,-0.16495937728711998
2024-12-21,2.5,0.0,16.7,9.4,1.67,0.9400000000000001,0.7299999999999999,1.3050000000000002,0.0,0.25,2024,12,1.4828571428571429,0.0,1.4517857142857142,0.0,-0.16495937728711998
2024-12-22,1.8,0.0,17.2,10.0,1.72,1.0,0.72,1.3599999999999999,0.0,0.18,2024,12,1.4828571428571429,0.0,1.45,0.0,-0.16495937728711998
2024-12-23,2.6,0.0,18.3,11.7,1.83,1.17,0.6600000000000001,1.5,0.0,0.26,2024,12,1.4992857142857143,0.0,1.4557142857142857,0.0,-0.16495937728711998
2024-12-24,2.6,0.3,15.6,10.6,1.56,1.06,0.5,1.31,0.03,0.26,2024,12,1.4564285714285714,0.004285714285714286,1.4342857142857144,0.002142857142857143,-0.0793896714897667
2024-12-25,2.3,0.0,17.8,10.6,1.78,1.06,0.7200000000000001,1.42,0.0,0.22999999999999998,2024,12,1.3814285714285715,0.004285714285714286,1.414642857142857,0.002142857142857143,-0.16495937728711998
2024-12-26,2.1,0.0,18.3,7.8,1.83,0.78,1.05,1.3050000000000002,0.0,0.21000000000000002,2024,12,1.3378571428571429,0.004285714285714286,1.4282142857142859,0.002142857142857143,-0.16495937728711998
2024-12-27,2.0,0.0,16.1,9.4,1.61,0.9400000000000001,0.6700000000000002,1.275,0.0,0.2,2024,12,1.3535714285714284,0.004285714285714286,1.4203571428571429,0.002142857142857143,-0.16495937728711998
2024-12-28,2.0,0.0,15.0,11.7,1.5,1.17,0.33000000000000007,1.335,0.0,0.2,2024,12,1.3578571428571427,0.004285714285714286,1.4203571428571429,0.002142857142857143,-0.16495937728711998
2024-12-29,2.0,0.0,14.4,8.3,1.44,0.8300000000000001,0.61,1.1350000000000002,0.0,0.2,2024,12,1.3257142857142858,0.004285714285714286,1.4042857142857144,0.002142857142857143,-0.16495937728711998
2024-12-30,2.7,0.0,16.7,11.1,1.67,1.1099999999999999,0.5599999999999999,1.39,0.0,0.27,2024,12,1.31,0.004285714285714286,1.404642857142857,0.002142857142857143,-0.16495937728711998
2024-12-31,2.0,0.0,16.1,9.4,1.61,0.9400000000000001,0.6700000000000002,1.275,0.0,0.2,2024,12,1.305,0.0,1.3807142857142856,0.002142857142857143,-0.16495937728711998
